,QQQ,BTC,SPY,ETH,TY
QQQ,1.0,0.8427873738843366,0.9445549346758122,0.8782082061391941,-0.12292976849241677
BTC,0.8427873738843366,1.0,0.800341566109247,0.8916142338456053,-0.009429032358078418
SPY,0.9445549346758122,0.800341566109247,1.0,0.8958310796314279,-0.3781449295657286
ETH,0.8782082061391941,0.8916142338456053,0.8958310796314279,1.0,-0.20207676939450253
TY,-0.12292976849241677,-0.009429032358078418,-0.3781449295657286,-0.20207676939450253,1.0
